{
  "classes":2,
  "label2train":[
    [0, 0],
    [1, 1]],
  "label":[
    "background",
    "crack"],
  "palette":[
    [0,0,0],
    [255,0,0]],
  "mean":[
    107.18147,
    107.95582,
    108.92359],
  "std":[
    26.178550,
    26.117607,
    26.128387]
}
