{
  "classes":2,
  "label2train":[
    [0, 0],
    [1, 1]],
  "label":[
    "background",
    "crack"],
  "palette":[
    [0,0,0],
    [255,0,0]],
  "mean":[
    142.78117,
    139.95343,
    135.29352],
  "std":[
    19.523050,
    19.436495,
    19.023998]
}
