{
  "classes":2,
  "label2train":[
    [0, 0],
    [1, 1]],
  "label":[
    "background",
    "crack"],
  "palette":[
    [0,0,0],
    [255,0,0]],
  "mean":[
    129.57191,
    133.68655,
    138.82880],
  "std":[
    12.990257,
    12.666413,
    12.723719]
}
