{
  "classes":2,
  "label2train":[
    [0, 0],
    [1, 1]],
  "label":[
    "background",
    "crack"],
  "palette":[
    [0,0,0],
    [255,0,0]],
  "mean":[
    152.70589,
    149.24780,
    144.14413],
  "std":[
    26.682148,
    26.599710,
    26.490938]
}
