{
  "classes":2,
  "label2train":[
    [0, 0],
    [1, 1]],
  "label":[
    "background",
    "crack"],
  "palette":[
    [0,0,0],
    [255,0,0]],
  "mean":[
    157.06076,
    151.85211,
    144.79955],
  "std":[
    20.684490,
    20.618626,
    20.497684]
}
