{
  "classes":5,
  "label2train":[
    [0, 0],
    [1, 1],
    [2, 2],
    [3, 3],
    [4, 4]],
  "label":[
    "background",
    "crack",
    "efflorescene",
    "rebar",
    "spalling"],
  "palette":[
    [0,0,0],
    [255,0,0],
    [0,255,0],
    [0,255,255],
    [255,0,255]],
  "mean":[
    139.69768,
    137.22803,
    130.96191],
  "std":[
    30.472404,
    30.465607,
    30.875740]
}
