{
  "classes":2,
  "label2train":[
    [0, 0],
    [1, 1]],
  "label":[
    "background",
    "crack"],
  "palette":[
    [0,0,0],
    [255,0,0]],
  "mean":[
    121.760445,
    122.592890,
    123.217285],
  "std":[
    35.065742,
    34.889618,
    34.362957]
}
