{
  "classes":2,
  "label2train":[
    [0, 0],
    [1, 1]],
  "label":[
    "background",
    "crack"],
  "palette":[
    [0,0,0],
    [255,0,0]],
  "mean":[
    136.32666,
    136.32666,
    136.32666],
  "std":[
    31.423801,
    31.423801,
    31.423801]
}
